Primer Name ("SGR-F" primer containing the targeting sequence)	Target gene name	locus ID (ACX60_RSXXXX)	Gene length(CDS)	gene is on which strand of genome (+ or -)	sgRNA targets TEMPLATE or NONTEMPLATE	targeting sequence (5'-3')	PAM site (on the + genome strand).  It is either NGG or CCN.  	Distance of PAM from first base in ORF start codon	Whole primer sequence ordered from IDT (5'-3')	Researcher name	E. coli strain containing cloned construct	Construct Notes	phenotype by LB agar plating	phenotype by LB broth growth	other phenotype
SMC_sgR1	SMC	ACX60_RS13190		(+)	NT	ATTACAGCGTCTACAAGCGCATAT	TGG	34bp	TTACactagtATTACAGCGTCTACAAGCGCATATGTTTTAGAGCTAGAAATAGCAAG	AFF	AFE76		normal growth 2019-7-23 AFF		
SMC_sgR2	SMC	ACX60_RS13190		(+)	T	CCTTGTAACTGAGTGAGTTGCT	CCG	184bp	TTACactagtCCTTGTAACTGAGTGAGTTGCTGTTTTAGAGCTAGAAATAGCAAG	AFF	AFE77		normal growth 2019-7-23 AFF		
DNApolA_sgR1	DNA polA	ACX60_RS15060		(+)	T	TTATAAATAGGTGAAAGCTTATGA	CCG	191bp	TTACactagtTTATAAATAGGTGAAAGCTTATGAGTTTTAGAGCTAGAAATAGCAAG	AFF	AFE78		normal growth 2019-7-23 AFF		
DNApolA_sgR2	DNA polA	ACX60_RS15060		(+)	NT	TGCGTCGTATGCAACCGACACATA	TGG	157bp	TTACactagtTGCGTCGTATGCAACCGACACATAGTTTTAGAGCTAGAAATAGCAAG	AFF	AFE79		normal growth 2019-7-23 AFF		
ZipA_sgr1	ZipA	ACX60_RS14370		(-)	NT	GTCTAGCGAGGGTTCAGCATGGTT	CGG	78bp	TTACactagtGTCTAGCGAGGGTTCAGCATGGTTGTTTTAGAGCTAGAAATAGCAAG	AFF	AFE112				
ZipA_sgr2	ZipA	ACX60_RS14370		(-)	T	ATATTAATCCTGAAAGTAATCAAC	CCG	139bp	TTACactagtATATTAATCCTGAAAGTAATCAACGTTTTAGAGCTAGAAATAGCAAG	AFF					
FtsI_sgr1	FtsI	ACX60_RS01490		(+)	T	GCGTGGAGTGATTAGTGATCGCCA	CGG	248bp	TTACactagtGCGTGGAGTGATTAGTGATCGCCAGTTTTAGAGCTAGAAATAGCAAG	AFF	AFE113				
FtsI_sgr2	FtsI	ACX60_RS01490		(+)	NT	GCAGATAAAACCGCCACATATCAA	CCT	67bp	TTACactagtGCAGATAAAACCGCCACATATCAAGTTTTAGAGCTAGAAATAGCAAG	AFF	AFE114				
sgr12	Solute carrier families 5 and 6-like transporter	ACX60_RS13920	1140bp	(-)	NT-end with 19255	TGGATTCCCATGGTTGGTGCCAAAG	TGG	58bp	TTACACTAGTTGGATTCCCATGGTTGGTGCCAAAGGTTTTAGAGCTAGAAATAGCAAG	JB	JE12	work with high efficiency (except the most density part, no growing)			
sgr13	Solute carrier families 5 and 6-like transporter	ACX60_RS13920	1140bp	(-)	NT-only 13920	TAAAGCAATTTCCAAATAACAAAC	TGG	147bp	TTACACTAGTTAAAGCAATTTCCAAATAACAAACGTTTTAGAGCTAGAAATAGCAAG	JB	JE13	work with high efficiency (except the most density part, no growing)			
sgr14	Solute carrier families 5 and 6-like transporter	ACX60_RS13920	1140bp	(-)	T	TGTGGTTTGGCACTATGTTGTTAT	CCA	139bp	TTACACTAGTTGTGGTTTGGCACTATGTTGTTATGTTTTAGAGCTAGAAATAGCAAG	JB	JE14	? forget			
sgr15	AraC transcriptional regulator	ACX60_RS03245	1158bp	(-)	NT	CCTGTCAAAGCCGCATTCACGAAG	TGG	26bp	TTACACTAGTCCTGTCAAAGCCGCATTCACGAAGGTTTTAGAGCTAGAAATAGCAAG	JB	JE15	work with highest efficiency (almost no growing)			
sgr16	AraC transcriptional regulator	ACX60_RS03245	1158bp	(-)	NT	AGTAACGTCTCGACATCCATGCCA	AGG	62bp	TTACACTAGTAGTAACGTCTCGACATCCATGCCAGTTTTAGAGCTAGAAATAGCAAG	JB	JE16	work with highest efficiency (almost no growing)			
sgr17	AraC transcriptional regulator	ACX60_RS03245	1158bp	(-)	T	TGTCGAGACGTTACTTTCACATG	CCA	97bp	TTACACTAGTTGTCGAGACGTTACTTTCACATGGTTTTAGAGCTAGAAATAGCAAG	JB	JE17	? forget			
sgr18	RnfH family protein	ACX60_RS13915	402bp	(-)	NT	AACAGAAATTAAAAACTGTTGTTC	CGG	62bp	TTACACTAGTAACAGAAATTAAAAACTGTTGTTCGTTTTAGAGCTAGAAATAGCAAG	JB	JE18	no effect			
sgr19	RnfH family protein	ACX60_RS13915	402bp	(-)	NT	TGCAGCAGTCATTCCCTCTTCAAA	TGG	69bp	TTACACTAGTTGCAGCAGTCATTCCCTCTTCAAAGTTTTAGAGCTAGAAATAGCAAG	JB	JE19	no effect			
sgr20	spoT	ACX60_RS01620	2106bp	(-)	NT	TTCGACTTCACTTACCGATAAGTA	AGG	57bp	TTACACTAGTTTCGACTTCACTTACCGATAAGTAGTTTTAGAGCTAGAAATAGCAAG	JB	JE20	work with median effiency (still spread, but very low density)			
sgr21	spoT	ACX60_RS01620	2106bp	(-)	NT	GTGTGCCAGATCTCCAAAATCGC	AGG	97bp	TTACACTAGTGTGTGCCAGATCTCCAAAATCGCGTTTTAGAGCTAGAAATAGCAAG	JB	JE21	no effect			
sgr22	wza	ACX60_RS17820	1101bp	(+)	NT	TAAACCGGAAGTAACCGCACAGC	CCA	52bp	TTACACTAGTTAAACCGGAAGTAACCGCACAGCGTTTTAGAGCTAGAAATAGCAAG	JB	JE22	work with high efficiency (except the most density part, no growing)			
sgr23	wza	ACX60_RS17820	1101bp	(+)	NT	TTAAAGCAAGAACAGAGAAAAAC	CCA	14bp	TTACACTAGTTTAAAGCAAGAACAGAGAAAAACGTTTTAGAGCTAGAAATAGCAAG	JB	JE23	work with high efficiency (except the most density part, no growing)			
sgr24	wza	ACX60_RS17820	1101bp	(+)	NT	TGGAATATCATAAGTTTGTAAAC	CCG	67bp	TTACACTAGTTGGAATATCATAAGTTTGTAAACGTTTTAGAGCTAGAAATAGCAAG	JB	JE24	no effect			
sgr25	wzb	ACX60_RS17825	429bp	(+)	NT	AAAAATATTCTGCCATAGGGCTA	CCG	47bp	TTACACTAGTAAAAATATTCTGCCATAGGGCTAGTTTTAGAGCTAGAAATAGCAAG	JB	JE25	work with median effiency (still spread, but very low density)			
sgr26	wzb	ACX60_RS17825	429bp	(+)	NT	CTGTTTTAAAAAATATTCTGCCAT	CCT	54bp	TTACACTAGTCTGTTTTAAAAAATATTCTGCCATGTTTTAGAGCTAGAAATAGCAAG	JB	JE26	no effect			
sgr29	wzy	ACX60_RS17775	1017bp	(-)	NT	ATCCTACAAGTAATGATAAAAATG	AGG	25bp	TTACACTAGTATCCTACAAGTAATGATAAAAATGGTTTTAGAGCTAGAAATAGCAAG	JB	JE29	no effect			
sgr30	wzy	ACX60_RS17775	1017bp	(-)	NT	AAAGAGAAAAATTTGTAAGATCAT	AGG	109bp	TTACACTAGTAAAGAGAAAAATTTGTAAGATCATGTTTTAGAGCTAGAAATAGCAAG	JB	JE30	no effect			
sgr31	wzx	ACX60_RS17795	1353bp	(-)	NT	CTGTACCTCCGACTAGGACTGACA	CGG	37bp	TTACACTAGTCTGTACCTCCGACTAGGACTGACAGTTTTAGAGCTAGAAATAGCAAG	JB	JE31	? no record 			
sgr32	wzx	ACX60_RS17795	1353bp	(-)	NT	TGAGCAAAAGCTGTACCTCCGACT	AGG	47bp	TTACACTAGTTGAGCAAAAGCTGTACCTCCGACTGTTTTAGAGCTAGAAATAGCAAG	JB	JE32	work with low effiency (still spread, certain density, small colony)			
sgr33	wzy	ACX60_RS17775	1017bp	(-)	T	TTCCTCATTTTTATCATTACTTGT	CCT	44bp	TTACACTAGTTTCCTCATTTTTATCATTACTTGTGTTTTAGAGCTAGAAATAGCAAG	JB	JE33	no effect			
sgr34	wzy	ACX60_RS17775	1017bp	(-)	T	ATATTATATGATTTTTAAGAATAT	CCT	104bp	TTACACTAGTATATTATATGATTTTTAAGAATATGTTTTAGAGCTAGAAATAGCAAG	JB	JE34	no effect			
sgr35	ispB	ACX60_RS03850	1056bp	(-)	NT	CCATCGCAGCAAAGTCTGTAGCAAC	AGG	36bp	TTACACTAGTCCATCGCAGCAAAGTCTGTAGCAACGTTTTAGAGCTAGAAATAGCAAG	JB	JE35	work with high efficiency (except the most density part, no growing)			
sgr36	ispB	ACX60_RS03850	1056bp	(-)	NT	GCGTGCTGCAAGTAAACACATGATT	GGG	155bp	TTACACTAGTGCGTGCTGCAAGTAAACACATGATTGTTTTAGAGCTAGAAATAGCAAG	JB	JE36	? no record 			
sgr37	ispB	ACX60_RS03850	1056bp	(-)	NT	TCGCAGCAAAGTCTGTAGCAAC	AGG	36bp	TTACACTAGTTCGCAGCAAAGTCTGTAGCAACGTTTTAGAGCTAGAAATAGCAAG	JB	JE37	work with high efficiency (except the most density part, no growing)			
sgr38	era	ACX60_RS04970	1029bp	(+)	NT	TGGATCTTGGTTTTCGTTTGAATC	CCA	30bp	TTACACTAGTTGGATCTTGGTTTTCGTTTGAATCGTTTTAGAGCTAGAAATAGCAAG	JB	JE38	work with high efficiency (except the most density part, no growing)			
sgr39	era	ACX60_RS04970	1029bp	(+)	NT	AAAAAATTGATCAATCAGATTGTT	CCA	51bp	TTACACTAGTAAAAAATTGATCAATCAGATTGTTGTTTTAGAGCTAGAAATAGCAAG	JB	JE39	work with highest efficiency (almost no growing)			
sgr40	ampC	ACX60_RS05710	1152bp	(-)	NT	ATTGAGGTACTAAAAATAAAAAGCG	GGG	37bp	TTACACTAGTATTGAGGTACTAAAAATAAAAAGCGGTTTTAGAGCTAGAAATAGCAAG	JB	/	For ampC, I use modified pWH1266 plasmid, which use Kan instead of Cb50. sgr40 keeps failing			
sgr41	ampC	ACX60_RS05710	1152bp	(-)	NT	TTGGTGTATTGCCCGCATAAATTG	AGG	58bp	TTACACTAGTTTGGTGTATTGCCCGCATAAATTGGTTTTAGAGCTAGAAATAGCAAG	JB	JE55	work with high efficiency (ampC expression level decreaed more than 10 fold, tested by beta-lactamase assay);on ampC plates, only 2-fold sensetive change comparing to WT(sg-control)			
sgr42	ampC	ACX60_RS05710	1152bp	(-)	T	TTATTTTTAGTACCTCAATTTATG	CCG	70bp	TTACACTAGTTTATTTTTAGTACCTCAATTTATGGTTTTAGAGCTAGAAATAGCAAG	JB	JE56	no effect			
sgr43	BfmR	ACX60_RS14635	717bp	(-)	NT	CGTCGTCTTCAACGATCAGAATCTT	TGG	24bp	TTACACTAGTCGTCGTCTTCAACGATCAGAATCTTGTTTTAGAGCTAGAAATAGCAAG	JB	JE63	test by synergistic lethal with pbpG: high efficiency			
sgr44	BfmR	ACX60_RS14635	717bp	(-)	NT	CTACACCAACTTCCAAACCATTA	CGG	86bp	TTACACTAGTCTACACCAACTTCCAAACCATTAGTTTTAGAGCTAGAAATAGCAAG	JB	JE64	test by synergistic lethal with pbpG: high efficiency			
sgr45	LpsB	ACX60_RS15950	1101bp	(+)	NT	ATGAATCGGCAGTGTTAAGTGTG	CCA	154bp	TTACACTAGTATGAATCGGCAGTGTTAAGTGTGGTTTTAGAGCTAGAAATAGCAAG	JB	JE65	test by synergistic lethal with pbpG: no efect			
sgr46	fadB	ACX60_RS16555	2154bp	(+)	NT	TTCTGCAATTCCGTCCGCAAGCATT	CCA	32bp	TTACACTAGTTTCTGCAATTCCGTCCGCAAGCATTGTTTTAGAGCTAGAAATAGCAAG	JB	JE66	test by synergistic lethal with pbpG: no efect			
sgr47	fadB	ACX60_RS16555	2154bp	(+)	NT	ACCGACTCACCTTGTAAGTCAAAG	CCG	62bp	TTACACTAGTACCGACTCACCTTGTAAGTCAAAGGTTTTAGAGCTAGAAATAGCAAG	JB	JE67	test by synergistic lethal with pbpG: no efect			
sgr48	rseP	ACX60_RS07940	1356bp	(+)	NT	CCAAACTCATGGATTGCAATTAG	CCT	48bp	TTACACTAGTCCAAACTCATGGATTGCAATTAGGTTTTAGAGCTAGAAATAGCAAG	JB	JE68	test by synergistic lethal with pbpG: low efficiency			
sgr49	rseP	ACX60_RS07940	1356bp	(+)	NT	CAACCCAGTAATGGCCAAACTCA	CCA	62bp	TTACACTAGTCAACCCAGTAATGGCCAAACTCAGTTTTAGAGCTAGAAATAGCAAG	JB	JE69	test by synergistic lethal with pbpG: high efficiency			
sgr50	rpoE	ACX60_RS04565	615bp	(-)	NT	AGATGCTTCCGATCGAGACTTTTT	CGG	15bp	TTACACTAGTAGATGCTTCCGATCGAGACTTTTTGTTTTAGAGCTAGAAATAGCAAG	JB	JE70	test by synergistic lethal with pbpG: highest efficiency			
sgr51	lnt	ACX60_RS16235	1560bp	(+)	NT	ACCTGAAAATAAAGCAATGAGCAA	CCA	69bp	TTACACTAGTACCTGAAAATAAAGCAATGAGCAAGTTTTAGAGCTAGAAATAGCAAG	JB	JE71	test by synergistic lethal with pbpG: median efficiency			
sgr52	gtrOC1	ACX60_RS02990	891bp	(+)	NT	AGCGCTTTGATTAGAGAAAAAAT	CCT	126bp	TTACACTAGTAGCGCTTTGATTAGAGAAAAAATGTTTTAGAGCTAGAAATAGCAAG	JB	JE72	test by synergistic lethal with pbpG: low efficiency			
sgr53	Lon	ACX60_RS13225	2430bp	(+)	NT	TAGTGGTAATACACTTGGAACCTG	CCT	42bp	TTACACTAGTTAGTGGTAATACACTTGGAACCTGGTTTTAGAGCTAGAAATAGCAAG	JB	JE73	test by synergistic lethal with pbpG: median efficiency			
sgr54	Lon	ACX60_RS13225	2430bp	(+)	NT	CACCACATCACGTAAGGCTAATAG	CCA	63bp	TTACACTAGTCACCACATCACGTAAGGCTAATAGGTTTTAGAGCTAGAAATAGCAAG	JB	JE74	test by synergistic lethal with pbpG: low efficiency			
sgr55	lpxA	ACX60_RS07965	789bp	(+)	NT	ATGGATCAATAATGGCGGTAGAA	CCA	23bp	TTACACTAGTATGGATCAATAATGGCGGTAGAAGTTTTAGAGCTAGAAATAGCAAG	JB	JE77	test by synergistic lethal with BfmS: low efficiency, small colonies			
sgr56	lpxC	ACX60_RS00795	903bp	(+)	NT	ACAATACCTCCATCCACGGTATG	CCA	87bp	TTACACTAGTACAATACCTCCATCCACGGTATGGTTTTAGAGCTAGAAATAGCAAG	JB	JE78	test by synergistic lethal with BfmS: no effect except no more mucous			
sgr57	lptD	ACX60_RS10360	2439bp	(+)	NT	GAGCGTAAAAATAGCGGTCGCTAA	CCT	27bp	TTACACTAGTGAGCGTAAAAATAGCGGTCGCTAAGTTTTAGAGCTAGAAATAGCAAG	JB	JE79	work with high efficiency (except the most density part, no growing)			
sgr58	lptD	ACX60_RS10360	2439bp	(+)	NT	CTGACTCAGCATAACTTGATTGTA	CCA	67bp	TTACACTAGTCTGACTCAGCATAACTTGATTGTAGTTTTAGAGCTAGAAATAGCAAG	JB	JE80	work with high efficiency (except the most density part, no growing)			
SGR1 (YD)	ftsZ	ACX60_RS00790	1176bp	(+)	NT	GTTCATCTTCTATAAATTCAAATG	CCT	4bp	TTACactagtGTTCATCTTCTATAAATTCAAATGGTTTTAGAGCTAGAAATAGCAAG	AFF	AFE119		little to no colony formation at 200ng/ml aTC 2019-12-4 AFF		
SGR38 (YD)	ftsA	ACX60_RS00785	1263bp	(+)	NT	CATACCGATAACCTGAATGTTATC	CCG	81bp	TTACactagtCATACCGATAACCTGAATGTTATCGTTTTAGAGCTAGAAATAGCAAG	YD	YDE...		little to no colony formation at 200ng/ml aTC 2019-11-14 AFF		
SGR39 (YD)	ftsK	ACX60_RS14000	3033bp	(-)	NT	ATCACTTGAAATATGCATCCAGCC	CCG	108bp	TTACactagtATCACTTGAAATATGCATCCAGCCGTTTTAGAGCTAGAAATAGCAAG	YD	YDE...		little to no colony formation at 200ng/ml aTC 2020-2-8 AFF		
SGR41 (YD)	ftsL	ACX60_RS01485	333bp	(+)	NT	CTTTTTTGACCACTTTATTTTCTG	CCA	25bp	TTACactagtCTTTTTTGACCACTTTATTTTCTGGTTTTAGAGCTAGAAATAGCAAG	YD	YDE...		little to no colony formation (except for clone 3) at 200ng/ml aTC 2020-2-8 AFF		
															
SGR1 (ftsZ, NT, 5')	ftsZ	ACX60_RS00790	1176 bp	(+)	NT	GTTCATCTTCTATAAATTCAAATG	CCT		TTACactagtGTTCATCTTCTATAAATTCAAATGGTTTTAGAGCTAGAAATAGCAAG	YD					
SGR2  (ftsZ potential UTR 1, NT)	ftsZ	ACX60_RS00790	1176 bp	(+)	NT	TTGCTCACCTAACTGAATTTTGAA	CCT		TTACactagtTTGCTCACCTAACTGAATTTTGAAGTTTTAGAGCTAGAAATAGCAAG	YD					
SGR3 (ftsZ potential UTR 2, NT)	ftsZ	ACX60_RS00790	1176 bp	(+)		ATAAACGCTTAATAAACGTTGGTT			TTACactagtATAAACGCTTAATAAACGTTGGTTGTTTTAGAGCTAGAAATAGCAAG	YD					
SGR4  (A1S_3387, T, 5')	advA	ACX60_RS00475	1290 bp	(-)		TAGGCTAGCAAATAGCCCTTGTCT			TTACactagtTAGGCTAGCAAATAGCCCTTGTCTGTTTTAGAGCTAGAAATAGCAAG	YD					
SGR5 (A1S_3387, UTR, T)	advA	ACX60_RS00475	1290 bp	(-)		GGTACGAAGAATTTCCCCAATACT			TTACactagtGGTACGAAGAATTTCCCCAATACTGTTTTAGAGCTAGAAATAGCAAG	YD					
SGR12 (beta-lactamase -35box)		ACX60_RS05710	1152 bp	(-)		ACTTTTTATTATTTTGAATAACAC			TTACactagtACTTTTTATTATTTTGAATAACACGTTTTAGAGCTAGAAATAGCAAG	YD					
SGR13 (beta-lactamase 5')		ACX60_RS05710	1152 bp	(-)		CTCAAAAATAGTACTGCTATTTAC			TTACactagtCTCAAAAATAGTACTGCTATTTACGTTTTAGAGCTAGAAATAGCAAG	YD					
SGR14 (mreB -35 Box, NT)	mreB	ACX60_RS03605	1041 bp	(+)		GTGTATTTGCTGTACCTAAATCAA			TTACactagtGTGTATTTGCTGTACCTAAATCAAGTTTTAGAGCTAGAAATAGCAAG	YD					
SGR15 (mreB -35 Box, T)	mreB	ACX60_RS03605	1041 bp	(+)		TTATATTAAATGAACCAACAGTTG			TTACactagtTTATATTAAATGAACCAACAGTTGGTTTTAGAGCTAGAAATAGCAAG	YD					
 SGR16 (PBP3, NT)	pbp3	ACX60_RS01490	1833 bp	(+)		GCAGATAAAACCGCCACATATCAA			TTACactagtGCAGATAAAACCGCCACATATCAAGTTTTAGAGCTAGAAATAGCAAG	YD					
SGR19 (lpxA, NT, 5')	lpxA	ACX60_RS07965	789 bp	(+)		TTGCTCACCTAACTGAATTTTGAA			TTACactagtGATGGATCAATAATGGCGGTAGAAGTTTTAGAGCTAGAAATAGCAAG	YD					
SGR20 (lpxC, NT, 5')	lpxC	ACX60_RS00795	903 bp	(+)		TACAATACCTCCATCCACGGTATG			TTACactagtTACAATACCTCCATCCACGGTATGGTTTTAGAGCTAGAAATAGCAAG	YD					
SGR21 (wzc, NT, 5')	wzc	ACX60_RS17830	2187 bp	(+)		ATTCTTTTAAGTCAATTGTATCTT			TTACactagtATTCTTTTAAGTCAATTGTATCTTGTTTTAGAGCTAGAAATAGCAAG	YD					
SGR22 (uppS, NT, 5')	uppS	ACX60_RS07925	753 bp	(+)		AGCGATTGTTGCCATCCATGATGA			TTACactagtAGCGATTGTTGCCATCCATGATGAGTTTTAGAGCTAGAAATAGCAAG	YD					
SGR23 (uppP, NT, 5')	uppP	ACX60_RS03675	819 bp	(+)		CACACTGCCAGAATAGCACCTAAC			TTACactagtCACACTGCCAGAATAGCACCTAACGTTTTAGAGCTAGAAATAGCAAG	YD					
SGR24 (murG, NT, 5')	murG	ACX60_RS00765	1098 bp	(+)		GGCAGCCATCATCATGACATGTTT			TTACactagtGGCAGCCATCATCATGACATGTTTGTTTTAGAGCTAGAAATAGCAAG	YD					
SGR25 (ftsW, NT, 5')	ftsW	ACX60_RS16850	1197 bp	(-)		CACACAGAAAATCAAGACATTACG			TTACactagtCACACAGAAAATCAAGACATTACGGTTTTAGAGCTAGAAATAGCAAG	YD					
SGR26 (PBP1A, NT, -35 Box)	pbp1A	ACX60_RS01520	2556 bp	(-)		AGGAGGAATTTGTTTGTATTCAAC			TTACactagtAGGAGGAATTTGTTTGTATTCAACGTTTTAGAGCTAGAAATAGCAAG	YD					
SGR27 (PBP1B, NT, -35 Box)	pbp1B	ACX60_RS06125	2397 bp	(-)		TTTCCAAAGGTCGAGCAAACACCT			TTACactagtTTTCCAAAGGTCGAGCAAACACCTGTTTTAGAGCTAGAAATAGCAAG	YD					
SGR28 (ldt1)	ldt1	ACX60_RS03475	504 bp	(+)		ATATCTGCATCTTCAAGTTTAAAT			TTACactagtATATCTGCATCTTCAAGTTTAAATGTTTTAGAGCTAGAAATAGCAAG	YD					
SGR29 (ldt2)	ldt2	ACX60_RS05685	1248 bp	(-)		AGCAGATACTTTATTAGGGTTCAG			TTACactagtAGCAGATACTTTATTAGGGTTCAGGTTTTAGAGCTAGAAATAGCAAG	YD					
SGR30 (ABC transporter, mlaF)	mlaF	ACX60_RS01980	819 bp	(+)		TTCAATCAGTGATTGAGTCGAGAG			TTACactagtTTCAATCAGTGATTGAGTCGAGAGGTTTTAGAGCTAGAAATAGCAAG	YD					
SGR31 (MlaE)	mlaE	ACX60_RS01985	777 bp	(+)		GCTCAATAACGAGTCTACCTAACC			TTACactagtGCTCAATAACGAGTCTACCTAACCGTTTTAGAGCTAGAAATAGCAAG	YD					
SGR32 (SOD2)	sod2	ACX60_RS05820	627 bp	(-)		ATCATCATAGCCATATGGAAGTGC			TTACactagtATCATCATAGCCATATGGAAGTGCGTTTTAGAGCTAGAAATAGCAAG	YD					
SGR33 (MlaD)	mlaD	ACX60_RS01990	681 bp	(-)		CGAAGATAATAACAAAGATACCTA			TTACactagtCGAAGATAATAACAAAGATACCTAGTTTTAGAGCTAGAAATAGCAAG	YD					
SGR34 (ABC sub. bind, mlaC)	mlaC	ACX60_RS01995	642 bp	(+)		AATAAAGTCAGGTGGTGCTTCTGA			TTACactagtAATAAAGTCAGGTGGTGCTTCTGAGTTTTAGAGCTAGAAATAGCAAG	YD					
SGR35 (SOD1 Cu-Zn)	sod1	ACX60_RS01770	576 bp	(-)		TACTGCACCAATTTTATTAAATAC			TTACactagtTACTGCACCAATTTTATTAAATACGTTTTAGAGCTAGAAATAGCAAG	YD					
SGR36 (vacJ/MlaA)	mlaA	ACX60_RS15005	900 bp	(+)		TAAGATTTTCTTGAGCATGGGCTG			TTACactagtTAAGATTTTCTTGAGCATGGGCTGGTTTTAGAGCTAGAAATAGCAAG	YD					
SGR37 (mlaB)	mlaB	ACX60_RS02000	288 bp	(+)		ATTTTGCCTGAAACAACTAACTCT			TTACactagtATTTTGCCTGAAACAACTAACTCTGTTTTAGAGCTAGAAATAGCAAG	YD					
‘Early’ association with the Z ring										YD					
SGR38(ftsA)	ftsA	ACX60_RS00785	1263 bp	(+)		CATACCGATAACCTGAATGTTATC			TTACactagtCATACCGATAACCTGAATGTTATCGTTTTAGAGCTAGAAATAGCAAG	YD					
SGR39(ftsK)	ftsK	ACX60_RS14000	3033 bp	(-)		ATCACTTGAAATATGCATCCAGCC			TTACactagtATCACTTGAAATATGCATCCAGCCGTTTTAGAGCTAGAAATAGCAAG	YD					
Late’ association with the Z ring										YD					
SGR40(ftsQ)	ftsQ	ACX60_RS00780	855 bp	(+)		CGCACGTTTACGGCGCATGGATGC			TTACactagtCGCACGTTTACGGCGCATGGATGCGTTTTAGAGCTAGAAATAGCAAG	YD					
SGR41(ftsL)	ftsL	ACX60_RS01485	333 bp	(+)		CTTTTTTGACCACTTTATTTTCTG			TTACactagtCTTTTTTGACCACTTTATTTTCTGGTTTTAGAGCTAGAAATAGCAAG	YD					
SGR42(ftsB)	ftsB	ACX60_RS08360	390 bp	(+)		GTAGCAATATAAGTTTGCTTGAAG			TTACactagtGTAGCAATATAAGTTTGCTTGAAGGTTTTAGAGCTAGAAATAGCAAG	YD					
SGR43(ftsN)	ftsN	ACX60_RS17385	627 bp	(+)		AGCGACAAGTGTCCCTAACCATTT			TTACactagtAGCGACAAGTGTCCCTAACCATTTGTTTTAGAGCTAGAAATAGCAAG	YD					
More Hits from ldt1 Tn-Seq										YD					
SGR44(hyp-YdcF family)		ACX60_RS07345	1131 bp	(+)		GTAGATGTTAATGAGGTGGCTGCG			TTACactagtGTAGATGTTAATGAGGTGGCTGCGGTTTTAGAGCTAGAAATAGCAAG	YD					
SGR45(blhA)	blhA	ACX60_RS16945	636 bp	(+)		TTGATAAGCATGACGGACAGCTTC			TTACactagtTTGATAAGCATGACGGACAGCTTCGTTTTAGAGCTAGAAATAGCAAG	YD					
SGR46(zapA) (T)	zapA	ACX60_RS13195	285 bp	(+)		AGTGAACAAGTCATGGTAGAGCTT			TTACactagtAGTGAACAAGTCATGGTAGAGCTTGTTTTAGAGCTAGAAATAGCAAG	YD					
SGR47(zapA) (NT)	zapA	ACX60_RS13195	285 bp	(+)		TTATGCTCAACACGAGGTGCACTA			TTACactagtTTATGCTCAACACGAGGTGCACTAGTTTTAGAGCTAGAAATAGCAAG	YD					
SGR48(wzi)	wzi	ACX60_RS13380	1443 bp	(-)		CTTGTTGATTCAACCAGTTTAAGT			TTACactagtCTTGTTGATTCAACCAGTTTAAGTGTTTTAGAGCTAGAAATAGCAAG	YD					
SGR49(hyp13190) (T)		ACX60_RS13190	561 bp	(+)		TAGAGAGTGAAAATTCTGCTCTCT			TTACactagtTAGAGAGTGAAAATTCTGCTCTCTGTTTTAGAGCTAGAAATAGCAAG	YD					
SGR50(hyp13190) (NT)		ACX60_RS13190	561 bp	(+)		GGCCTTGTAACTGAGTGAGTTGCT			TTACactagtGGCCTTGTAACTGAGTGAGTTGCTGTTTTAGAGCTAGAAATAGCAAG	YD					