Primer Name	Target Sequence (5'-3')	Attempted Target	Start Position	End Position	PAM	Seed Number	Nearest TSS Coordinate	TSS Strand	Target Strand	Distance to TSS	Old Locus Tag	New Locus Tag	TSS Type
SMC_sgR1	ATTACAGCGTCTACAAGCGCATAT	ACX60_RS13190	2771482	2771505	TGG	1	2771437	+	T	67	ACX60_13185	ACX60_RS13180	antisense
SMC_sgR2	CCTTGTAACTGAGTGAGTTGCT	ACX60_RS13190	2771658	2771679	CCG	1	2771841	-	T	183	ACX60_13190	ACX60_RS13185	antisense
DNApolA_sgR1	TTATAAATAGGTGAAAGCTTATGA	ACX60_RS15060	3181621	3181644	CCG	1	3181404	+	NT	239	ACX60_15060	ACX60_RS15055	primary
DNApolA_sgR2	TGCGTCGTATGCAACCGACACATA	ACX60_RS15060	3181560	3181583	TGG	1	3181404	+	T	178	ACX60_15060	ACX60_RS15055	primary
ZipA_sgr1	GTCTAGCGAGGGTTCAGCATGGTT	ACX60_RS14370	3025438	3025461	CGG	2	3025810	-	NT	372	ACX60_14375	ACX60_RS14370	internal
ZipA_sgr2	ATATTAATCCTGAAAGTAATCAAC	ACX60_RS14370	3025404	3025427	CCG	1	3025810	-	T	406	ACX60_14375	ACX60_RS14370	internal
FtsI_sgr1	GCGTGGAGTGATTAGTGATCGCCA	ACX60_RS01490	309921	309944	CGG	1	310301	-	NT	380	ACX60_01490	ACX60_RS01490	antisense
FtsI_sgr2	GCAGATAAAACCGCCACATATCAA	ACX60_RS01490	309767	309790	CCT	1	310301	-	T	534	ACX60_01490	ACX60_RS01490	antisense
sgr12	TGGATTCCCATGGTTGGTGCCAAAG	ACX60_RS13920	2938799	2938823	TGG	1	2939524	-	NT	725	ACX60_13925	ACX60_RS13920	primary
sgr13	TAAAGCAATTTCCAAATAACAAAC	ACX60_RS13920	2938711	2938734	TGG	1	2939524	-	NT	813	ACX60_13925	ACX60_RS13920	primary
sgr14	TGTGGTTTGGCACTATGTTGTTAT	ACX60_RS13920	2938746	2938769	CCA	1	2939524	-	T	778	ACX60_13925	ACX60_RS13920	primary
sgr15	CCTGTCAAAGCCGCATTCACGAAG	ACX60_RS03245	670102	670125	TGG	1	670246	-	NT	144	ACX60_03245	ACX60_RS03245	primary
sgr16	AGTAACGTCTCGACATCCATGCCA	ACX60_RS03245	670066	670089	AGG	1	670246	-	NT	180	ACX60_03245	ACX60_RS03245	primary
sgr17	TGTCGAGACGTTACTTTCACATG	ACX60_RS03245	670058	670080	CCA	1	670246	-	T	188	ACX60_03245	ACX60_RS03245	primary
sgr18	AACAGAAATTAAAAACTGTTGTTC	ACX60_RS13915	2937749	2937772	CGG	1	2936996	+	T	775	ACX60_13905	ACX60_RS13900	antisense
sgr19	TGCAGCAGTCATTCCCTCTTCAAA	ACX60_RS13915	2937722	2937745	TGG	1	2936996	+	T	748	ACX60_13905	ACX60_RS13900	antisense
sgr20	TTCGACTTCACTTACCGATAAGTA	ACX60_RS01620	343444	343467	AGG	1	343120	+	T	346	ACX60_01620	ACX60_RS01620	antisense
sgr21	GTGTGCCAGATCTCCAAAATCGC	ACX60_RS01620	343405	343427	AGG	1	343120	+	T	306	ACX60_01620	ACX60_RS01620	antisense
sgr22	TAAACCGGAAGTAACCGCACAGC	ACX60_RS17820	3783516	3783538	CCA	1	3783389	+	NT	148	ACX60_17820	ACX60_RS17815	primary
sgr23	TTAAAGCAAGAACAGAGAAAAAC	ACX60_RS17820	3783478	3783500	CCA	1	3783389	+	NT	110	ACX60_17820	ACX60_RS17815	primary
sgr24	TGGAATATCATAAGTTTGTAAAC	ACX60_RS17820	3783534	3783556	CCG	1	3783389	+	NT	166	ACX60_17820	ACX60_RS17815	primary
sgr25	AAAAATATTCTGCCATAGGGCTA	ACX60_RS17825	3784616	3784638	CCG	1	3783389	+	NT	1248	ACX60_17820	ACX60_RS17815	primary
sgr26	CTGTTTTAAAAAATATTCTGCCAT	ACX60_RS17825	3784623	3784646	CCT	1	3783389	+	NT	1256	ACX60_17820	ACX60_RS17815	primary
sgr29	ATCCTACAAGTAATGATAAAAATG	ACX60_RS17775	3774543	3774566	AGG	1	3774679	-	NT	136	ACX60_17775	ACX60_RS17770	primary
sgr30	AAAGAGAAAAATTTGTAAGATCAT	ACX60_RS17775	3774459	3774482	AGG	1	3774274	+	T	207	ACX60_17775	ACX60_RS17770	antisense
sgr31	CTGTACCTCCGACTAGGACTGACA	ACX60_RS17795	3779076	3779099	CGG	1	3779047	+	T	51	ACX60_17795	ACX60_RS17790	antisense
sgr32	TGAGCAAAAGCTGTACCTCCGACT	ACX60_RS17795	3779066	3779089	AGG	1	3779047	+	T	41	ACX60_17795	ACX60_RS17790	antisense
sgr33	TTCCTCATTTTTATCATTACTTGT	ACX60_RS17775	3774548	3774571	CCT	1	3774679	-	T	131	ACX60_17775	ACX60_RS17770	primary
sgr34	ATATTATATGATTTTTAAGAATAT	ACX60_RS17775	3774491	3774514	CCT	1	3774679	-	T	188	ACX60_17775	ACX60_RS17770	primary
sgr35	CCATCGCAGCAAAGTCTGTAGCAAC	ACX60_RS03850	801556	801580	AGG	1	801830	-	NT	274	ACX60_03855	ACX60_RS03855	internal
sgr36	GCGTGCTGCAAGTAAACACATGATT	ACX60_RS03850	801437	801461	GGG	1	801830	-	NT	393	ACX60_03855	ACX60_RS03855	internal
sgr37	TCGCAGCAAAGTCTGTAGCAAC	ACX60_RS03850	801559	801580	AGG	1	801830	-	NT	271	ACX60_03855	ACX60_RS03855	internal
sgr38	TGGATCTTGGTTTTCGTTTGAATC	ACX60_RS04970	1052572	1052595	CCA	1	1052769	-	T	197	ACX60_04970	ACX60_RS04970	antisense
sgr39	AAAAAATTGATCAATCAGATTGTT	ACX60_RS04970	1052596	1052619	CCA	1	1052769	-	T	173	ACX60_04970	ACX60_RS04970	antisense
sgr40	ATTGAGGTACTAAAAATAAAAAGCG	ACX60_RS05710	1230749	1230773	GGG	1	1230842	-	NT	93	ACX60_05710	ACX60_RS05710	primary
sgr41	TTGGTGTATTGCCCGCATAAATTG	ACX60_RS05710	1230729	1230752	AGG	1	1230842	-	NT	113	ACX60_05710	ACX60_RS05710	primary
sgr42	TTATTTTTAGTACCTCAATTTATG	ACX60_RS05710	1230744	1230767	CCG	1	1230842	-	T	98	ACX60_05710	ACX60_RS05710	primary
sgr43	CGTCGTCTTCAACGATCAGAATCTT	ACX60_RS14635	3084812	3084836	TGG	1	3083567	+	T	1268	ACX60_14630	ACX60_RS14625	antisense
sgr44	CTACACCAACTTCCAAACCATTA	ACX60_RS14635	3084752	3084774	CGG	1	3083567	+	T	1206	ACX60_14630	ACX60_RS14625	antisense
sgr45	ATGAATCGGCAGTGTTAAGTGTG	ACX60_RS15950	3373641	3373663	CCA	1	3374161	-	T	520	ACX60_15950	ACX60_RS15945	antisense
sgr46	TTCTGCAATTCCGTCCGCAAGCATT	ACX60_RS16555	3509331	3509355	CCA	1	3509210	+	NT	144	ACX60_16555	ACX60_RS16550	primary
sgr47	ACCGACTCACCTTGTAAGTCAAAG	ACX60_RS16555	3509361	3509384	CCG	1	3509499	-	T	138	ACX60_16555	ACX60_RS16550	antisense
sgr48	CCAAACTCATGGATTGCAATTAG	ACX60_RS07940	1687745	1687767	CCT	1	1687273	+	NT	493	ACX60_07935	ACX60_RS07935	internal
sgr49	CAACCCAGTAATGGCCAAACTCA	ACX60_RS07940	1687759	1687781	CCA	1	1687273	+	NT	507	ACX60_07935	ACX60_RS07935	internal
sgr50	AGATGCTTCCGATCGAGACTTTTT	ACX60_RS04565	964463	964486	CGG	1	964282	+	T	203	ACX60_04565	ACX60_RS04565	antisense
sgr51	ACCTGAAAATAAAGCAATGAGCAA	ACX60_RS16235	3433355	3433378	CCA	1	3433068	+	NT	309	ACX60_16230	ACX60_RS16225	internal
sgr52	AGCGCTTTGATTAGAGAAAAAAT	ACX60_RS02990	613469	613491	CCT	1	613298	+	NT	192	ACX60_02990	ACX60_RS02990	primary
sgr53	TAGTGGTAATACACTTGGAACCTG	ACX60_RS13225	2781895	2781918	CCT	1	2781819	+	NT	98	ACX60_13225	ACX60_RS13220	primary
sgr54	CACCACATCACGTAAGGCTAATAG	ACX60_RS13225	2781916	2781939	CCA	1	2781819	+	NT	119	ACX60_13225	ACX60_RS13220	primary
sgr55	ATGGATCAATAATGGCGGTAGAA	ACX60_RS07965	1693732	1693754	CCA	1	1693176	+	NT	577	ACX60_07955	ACX60_RS07955	internal
sgr56	ACAATACCTCCATCCACGGTATG	ACX60_RS00795	169700	169722	CCA	1	169586	+	NT	135	ACX60_00795	ACX60_RS00795	primary
sgr57	GAGCGTAAAAATAGCGGTCGCTAA	ACX60_RS10360	2170509	2170532	CCT	1	2170381	+	NT	150	ACX60_10355	ACX60_RS10350	antisense
sgr58	CTGACTCAGCATAACTTGATTGTA	ACX60_RS10360	2170549	2170572	CCA	1	2170381	+	NT	190	ACX60_10355	ACX60_RS10350	antisense
SGR1 (YD)	GTTCATCTTCTATAAATTCAAATG	ACX60_RS00790	168331	168354	CCT	1	169711	-	T	1380	ACX60_00795	ACX60_RS00795	antisense
SGR38 (YD)	CATACCGATAACCTGAATGTTATC	ACX60_RS00785	166981	167004	CCG	1	166569	+	NT	434	ACX60_00780	ACX60_RS00780	internal
SGR39 (YD)	ATCACTTGAAATATGCATCCAGCC	ACX60_RS14000	2955824	2955847	CGG	1	2956272	-	NT	448	ACX60_14005	ACX60_RS14000	antisense
SGR41 (YD)	CTTTTTTGACCACTTTATTTTCTG	ACX60_RS01485	309381	309404	CCA	1	308733	+	NT	670	ACX60_01480	ACX60_RS01480	internal
SGR1 (ftsZ, NT, 5')	GTTCATCTTCTATAAATTCAAATG	ACX60_RS00790	168331	168354	CCT	1	169711	-	T	1380	ACX60_00795	ACX60_RS00795	antisense
SGR2  (ftsZ potential UTR 1, NT)	TTGCTCACCTAACTGAATTTTGAA	ACX60_RS00790	168510	168533	CCT	1	169711	-	T	1201	ACX60_00795	ACX60_RS00795	antisense
SGR3 (ftsZ potential UTR 2, NT)	ATAAACGCTTAATAAACGTTGGTT	ACX60_RS00790	168837	168860	CCT	1	169711	-	T	874	ACX60_00795	ACX60_RS00795	antisense
SGR4  (A1S_3387, T, 5')	TAGGCTAGCAAATAGCCCTTGTCT	ACX60_RS00475	104626	104649	AGG	1	104781	-	NT	155	ACX60_00480	ACX60_RS00480	antisense
SGR5 (A1S_3387, UTR, T)	GGTACGAAGAATTTCCCCAATACT	ACX60_RS00475	104266	104289	TGG	1	104781	-	NT	515	ACX60_00480	ACX60_RS00480	antisense
SGR12 (beta-lactamase -35box)	ACTTTTTATTATTTTGAATAACAC	ACX60_RS05710	1230624	1230647	CCA	0	1230842	-	NT	218	ACX60_05710	ACX60_RS05710	primary
SGR13 (beta-lactamase 5')	CTCAAAAATAGTACTGCTATTTAC	ACX60_RS05710	1230556	1230579	GGC	0	1230842	-	NT	286	ACX60_05710	ACX60_RS05710	primary
SGR14 (mreB -35 Box, NT)	GTGTATTTGCTGTACCTAAATCAA	ACX60_RS03605	746605	746628	CCA	1	746648	-	T	43	ACX60_03605	ACX60_RS03605	antisense
SGR15 (mreB -35 Box, T)	TTATATTAAATGAACCAACAGTTG	ACX60_RS03605	746653	746676	TGG	1	746524	+	T	151	ACX60_03600	ACX60_RS03600	antisense
 SGR16 (PBP3, NT)	GCAGATAAAACCGCCACATATCAA	ACX60_RS01490	309767	309790	CCT	1	310301	-	T	534	ACX60_01490	ACX60_RS01490	antisense
SGR19 (lpxA, NT, 5')	TTGCTCACCTAACTGAATTTTGAA	ACX60_RS07965	168510	168533	CCT	1	169711	-	T	1201	ACX60_00795	ACX60_RS00795	antisense
SGR20 (lpxC, NT, 5')	TACAATACCTCCATCCACGGTATG	ACX60_RS00795	169700	169723	CCA	1	169586	+	NT	136	ACX60_00795	ACX60_RS00795	primary
SGR21 (wzc, NT, 5')	ATTCTTTTAAGTCAATTGTATCTT	ACX60_RS17830	3785042	3785065	CCG	1	3783389	+	NT	1675	ACX60_17820	ACX60_RS17815	primary
SGR22 (uppS, NT, 5')	AGCGATTGTTGCCATCCATGATGA	ACX60_RS07925	1684965	1684988	CCA	1	1686462	-	T	1497	ACX60_07935	ACX60_RS07935	antisense
SGR23 (uppP, NT, 5')	CACACTGCCAGAATAGCACCTAAC	ACX60_RS03675	761029	761052	CCA	1	760721	+	NT	330	ACX60_03675	ACX60_RS03675	primary
SGR24 (murG, NT, 5')	GGCAGCCATCATCATGACATGTTT	ACX60_RS00765	162485	162508	CCT	1	161249	+	NT	1258	ACX60_00760	ACX60_RS00760	primary
SGR25 (ftsW, NT, 5')	CACACAGAAAATCAAGACATTACG	ACX60_RS16850	3571905	3571928	TGG	1	3570644	+	T	1283	ACX60_16845	ACX60_RS16840	internal
SGR26 (PBP1A, NT, -35 Box)	AGGAGGAATTTGTTTGTATTCAAC	ACX60_RS01520	319108	319131	CGG	1	319391	-	NT	283	ACX60_01520	ACX60_RS01520	primary
SGR27 (PBP1B, NT, -35 Box)	TTTCCAAAGGTCGAGCAAACACCT	ACX60_RS06125	1324690	1324713	TGG	1	1324887	-	NT	197	ACX60_06125	ACX60_RS06125	primary
SGR28 (ldt1)	ATATCTGCATCTTCAAGTTTAAAT	ACX60_RS03475	720659	720682	CCA	1	720398	+	NT	283	ACX60_03470	ACX60_RS03470	internal
SGR29 (ldt2)	AGCAGATACTTTATTAGGGTTCAG	ACX60_RS05685	1224736	1224759	TGG	1	1224986	-	NT	250	ACX60_05685	ACX60_RS05685	primary
SGR30 (ABC transporter, mlaF)	TTCAATCAGTGATTGAGTCGAGAG	ACX60_RS01980	419697	419720	CCT	1	419352	+	NT	367	ACX60_01975	ACX60_RS01975	primary
SGR31 (MlaE)	GCTCAATAACGAGTCTACCTAACC	ACX60_RS01985	420510	420533	CCT	1	421602	-	T	1092	ACX60_01990	ACX60_RS01990	antisense
SGR32 (SOD2)	ATCATCATAGCCATATGGAAGTGC	ACX60_RS05820	1256606	1256629	AGG	1	1256689	-	NT	83	ACX60_05820	ACX60_RS05820	primary
SGR33 (MlaD)	CGAAGATAATAACAAAGATACCTA	ACX60_RS01990	421298	421321	CCG	1	421602	-	T	304	ACX60_01990	ACX60_RS01990	antisense
SGR34 (ABC sub. bind, mlaC)	AATAAAGTCAGGTGGTGCTTCTGA	ACX60_RS01995	422055	422078	CCT	1	424037	-	T	1982	ACX60_02005	ACX60_RS02005	primary
SGR35 (SOD1 Cu-Zn)	TACTGCACCAATTTTATTAAATAC	ACX60_RS01770	372063	372086	TGG	2	373357	-	NT	1294	ACX60_01775	ACX60_RS01775	primary
SGR36 (vacJ/MlaA)	TAAGATTTTCTTGAGCATGGGCTG	ACX60_RS15005	3170174	3170197	CCT	1	3170045	+	NT	151	ACX60_15005	ACX60_RS15000	primary
SGR37 (mlaB)	ATTTTGCCTGAAACAACTAACTCT	ACX60_RS02000	422650	422673	CCA	1	424037	-	T	1387	ACX60_02005	ACX60_RS02005	primary
SGR38(ftsA)	CATACCGATAACCTGAATGTTATC	ACX60_RS00785	166981	167004	CCG	1	166569	+	NT	434	ACX60_00780	ACX60_RS00780	internal
SGR39(ftsK)	ATCACTTGAAATATGCATCCAGCC	ACX60_RS14000	2955824	2955847	CGG	1	2956272	-	NT	448	ACX60_14005	ACX60_RS14000	antisense
SGR40(ftsQ)	CGCACGTTTACGGCGCATGGATGC	ACX60_RS00780	165997	166020	CCG	1	166242	-	T	245	ACX60_00780	ACX60_RS00780	antisense
SGR41(ftsL)	CTTTTTTGACCACTTTATTTTCTG	ACX60_RS01485	309381	309404	CCA	1	308733	+	NT	670	ACX60_01480	ACX60_RS01480	internal
SGR42(ftsB)	GTAGCAATATAAGTTTGCTTGAAG	ACX60_RS08360	1775210	1775233	CCA	1	1775053	+	NT	179	ACX60_08360	ACX60_RS08360	primary
SGR43(ftsN)	AGCGACAAGTGTCCCTAACCATTT	ACX60_RS17385	3682442	3682465	CCT	1	3681861	+	NT	603	ACX60_17380	ACX60_RS17375	internal
SGR44(hyp-YdcF family)	GTAGATGTTAATGAGGTGGCTGCG	ACX60_RS07345	1583301	1583324	GAA	0	1584183	-	NT	882	ACX60_07345	ACX60_RS07345	antisense
SGR45(blhA)	TTGATAAGCATGACGGACAGCTTC	ACX60_RS16945	3592859	3592882	CCT	1	3592671	+	NT	210	ACX60_16940	ACX60_RS16935	internal
SGR46(zapA) (T)	AGTGAACAAGTCATGGTAGAGCTT	ACX60_RS13195	2772031	2772054	CGG	1	2772222	-	NT	191	ACX60_13195	ACX60_RS13190	antisense
SGR47(zapA) (NT)	TTATGCTCAACACGAGGTGCACTA	ACX60_RS13195	2772159	2772182	CCG	1	2772222	-	T	63	ACX60_13195	ACX60_RS13190	antisense
SGR48(wzi)	CTTGTTGATTCAACCAGTTTAAGT	ACX60_RS13380	2815782	2815805	CGG	1	2814325	+	T	1479	orphan		orphan
SGR49(hyp13190) (T)	TAGAGAGTGAAAATTCTGCTCTCT	ACX60_RS13190	2771535	2771558	CGG	1	2771642	-	NT	107	ACX60_13190	ACX60_RS13185	antisense
SGR50(hyp13190) (NT)	GGCCTTGTAACTGAGTGAGTTGCT	ACX60_RS13190	2771658	2771681	CCG	1	2771841	-	T	183	ACX60_13190	ACX60_RS13185	antisense
